"Temperature (degF)","Electrical Resistivity"
-58,0.99991250038147
68,1
212,1.00010001659393
302,1.00024998188019
392,1.00039994716644
482,1.00055003166199
572,1.00069999694824
800,1.00339996814728
