"Temperature (degF)","Electrical Resistivity"
-100,0.479554980993271
0,0.785712957382202
70,0.999998390674591
200,1.26198673248291
400,1.66916692256927
600,2.06751298904419
800,2.43613934516907
